step,scenario_id,device_type,network_condition,cloud_condition,edge_cpu,edge_ram,edge_battery,bandwidth,latency,queue_delay,workload_cpu,workload_ram,workload_energy,cloud_workload
0,1,smartphone,good,idle,29.39,25.34,99.96,90.79,10.06,5.06,10.58,6.48,0.64,1.04
1,1,smartphone,good,idle,42.77,24.01,99.92,88.6,10.12,5.08,17.47,3.1,0.93,0.64
2,1,smartphone,good,idle,51.42,27.03,99.87,88.46,10.18,5.01,18.2,6.78,0.93,1.07
3,1,smartphone,good,idle,45.55,27.32,99.83,87.96,10.39,5.12,11.44,5.56,1.0,0.57
4,1,smartphone,good,idle,51.03,27.71,99.78,89.8,10.65,5.09,17.6,5.88,0.88,0.77
5,1,smartphone,good,idle,49.41,29.56,99.73,88.67,10.35,5.02,14.44,7.44,1.02,2.2
6,1,smartphone,good,idle,55.29,30.56,99.68,89.68,10.18,4.96,18.77,7.66,1.18,0.65
7,1,smartphone,good,idle,50.61,29.52,99.63,86.74,10.7,4.81,14.97,5.64,1.2,0.84
8,1,smartphone,good,idle,58.2,26.89,99.58,88.37,10.49,4.88,21.71,3.25,1.09,2.05
9,1,smartphone,good,idle,55.85,25.69,99.53,86.84,10.6,4.93,18.28,3.57,0.99,2.0
10,1,smartphone,good,idle,58.7,24.57,99.47,86.79,10.69,4.94,20.73,3.21,1.47,1.27
11,1,smartphone,good,idle,60.08,24.71,99.41,85.96,10.24,4.85,19.97,3.77,1.31,2.24
12,1,smartphone,good,idle,58.32,23.68,99.38,80.86,10.85,4.86,16.65,3.19,0.5,2.12
13,1,smartphone,good,idle,66.63,26.81,99.32,81.59,10.49,4.88,24.84,7.52,1.39,2.32
14,1,smartphone,good,idle,61.44,28.46,99.26,82.48,10.79,5.0,17.47,7.69,1.2,1.2
15,1,smartphone,good,idle,51.25,26.51,99.2,84.27,10.84,5.01,11.39,4.03,1.44,1.75
16,1,smartphone,good,idle,55.57,25.84,99.15,84.85,10.64,5.06,18.63,4.3,1.09,1.33
17,1,smartphone,good,idle,49.89,28.26,99.1,80.47,10.86,5.11,12.67,7.14,1.21,0.67
18,1,smartphone,good,idle,61.26,27.01,99.06,80.98,10.97,5.23,24.38,4.11,0.69,2.27
19,1,smartphone,good,idle,57.27,25.11,99.02,77.18,11.2,5.2,16.87,3.31,0.53,1.82
0,2,smartphone,good,moderate,37.52,24.79,99.95,92.73,10.05,11.83,16.13,5.71,1.36,5.66
1,2,smartphone,good,moderate,38.5,24.98,99.9,93.38,9.9,11.76,10.13,3.78,1.01,3.69
2,2,smartphone,good,moderate,45.34,25.8,99.85,93.0,9.75,11.85,15.68,5.03,1.19,4.75
3,2,smartphone,good,moderate,42.94,24.92,99.81,93.73,9.49,11.88,11.68,3.35,0.59,3.96
4,2,smartphone,good,moderate,51.26,28.15,99.78,96.97,9.62,12.01,19.38,7.85,0.54,5.53
5,2,smartphone,good,moderate,48.91,26.6,99.74,96.78,9.68,11.95,13.88,4.24,0.55,5.9
6,2,smartphone,good,moderate,50.84,24.75,99.69,99.16,9.31,11.9,16.55,3.19,1.21,3.28
7,2,smartphone,good,moderate,56.79,26.36,99.64,96.21,9.42,11.93,19.46,5.95,1.04,4.4
8,2,smartphone,good,moderate,62.11,27.17,99.59,92.09,9.71,12.0,21.91,6.42,0.85,5.25
9,2,smartphone,good,moderate,53.53,25.14,99.54,92.86,9.49,12.05,13.35,3.07,1.25,4.52
10,2,smartphone,good,moderate,63.82,25.75,99.5,86.99,9.88,12.01,24.92,4.78,0.7,3.83
11,2,smartphone,good,moderate,50.3,26.16,99.46,88.9,10.07,12.04,10.89,5.17,0.55,4.01
12,2,smartphone,good,moderate,46.64,27.17,99.4,82.56,10.5,12.04,12.69,6.21,1.34,3.55
13,2,smartphone,good,moderate,41.82,26.27,99.35,83.92,10.66,11.97,10.1,4.37,1.19,3.34
14,2,smartphone,good,moderate,55.9,28.09,99.31,82.33,10.47,11.96,22.61,7.15,0.78,4.83
15,2,smartphone,good,moderate,62.73,28.01,99.26,86.45,10.5,11.93,22.97,6.0,1.05,3.85
16,2,smartphone,good,moderate,55.27,27.34,99.21,83.06,10.96,11.95,14.5,5.02,1.05,4.68
17,2,smartphone,good,moderate,60.02,25.34,99.16,80.76,11.26,11.83,19.86,3.37,0.94,4.75
18,2,smartphone,good,moderate,49.33,28.23,99.11,78.4,11.39,12.02,11.26,7.51,1.27,4.63
19,2,smartphone,good,moderate,55.76,28.09,99.07,79.17,11.96,12.13,20.52,5.8,0.57,3.52
0,3,smartphone,good,busy,34.62,24.49,99.97,89.03,9.64,25.36,14.08,5.44,0.58,7.41
1,3,smartphone,good,busy,39.21,25.4,99.91,87.2,9.93,26.37,11.77,4.56,1.24,8.05
2,3,smartphone,good,busy,41.84,28.0,99.86,91.18,9.39,27.54,12.03,6.98,1.24,6.16
3,3,smartphone,good,busy,47.21,28.65,99.8,88.66,9.73,28.86,16.12,6.5,1.42,7.06
4,3,smartphone,good,busy,57.86,30.21,99.77,89.68,9.63,30.72,21.63,7.81,0.59,7.93
5,3,smartphone,good,busy,63.89,30.24,99.71,94.61,9.58,32.55,23.14,6.73,1.16,8.27
6,3,smartphone,good,busy,66.17,29.77,99.66,93.6,9.79,34.84,22.15,6.22,1.09,8.09
7,3,smartphone,good,busy,62.2,26.62,99.61,92.35,10.28,37.19,19.4,3.08,1.0,7.5
8,3,smartphone,good,busy,56.38,28.39,99.57,91.57,10.66,39.8,16.22,7.18,0.64,8.4
9,3,smartphone,good,busy,58.61,25.9,99.51,95.78,10.04,42.6,19.19,3.15,1.36,9.36
10,3,smartphone,good,busy,52.55,25.73,99.47,95.94,9.64,45.3,14.33,4.5,0.68,6.14
11,3,smartphone,good,busy,56.22,26.77,99.43,96.11,9.44,48.34,19.36,5.88,0.86,8.16
12,3,smartphone,good,busy,51.6,28.95,99.38,92.91,9.59,51.63,14.94,7.86,1.14,8.6
13,3,smartphone,good,busy,44.85,30.46,99.32,94.36,9.08,54.48,10.34,7.85,1.34,6.87
14,3,smartphone,good,busy,56.41,30.89,99.28,94.33,9.12,57.63,21.78,7.47,0.56,9.09
15,3,smartphone,good,busy,59.06,30.52,99.24,95.65,9.05,60.98,20.44,6.77,0.95,9.09
16,3,smartphone,good,busy,61.95,28.94,99.19,96.38,8.77,64.48,22.5,4.91,0.9,8.22
17,3,smartphone,good,busy,59.73,29.65,99.14,100.64,8.69,67.89,18.85,7.18,1.19,7.25
18,3,smartphone,good,busy,63.68,27.71,99.08,101.96,8.51,71.23,23.29,4.08,1.45,7.04
19,3,smartphone,good,busy,59.44,29.4,99.02,99.53,8.61,74.5,18.86,7.34,1.14,8.51
0,4,smartphone,moderate,idle,46.33,23.91,99.95,48.86,23.06,4.98,23.32,5.0,1.09,1.6
1,4,smartphone,moderate,idle,59.0,23.41,99.91,48.91,22.7,4.93,24.21,3.16,0.57,2.38
2,4,smartphone,moderate,idle,61.4,23.64,99.85,48.27,23.1,5.09,22.65,3.68,1.42,2.02
3,4,smartphone,moderate,idle,66.55,25.17,99.81,48.38,23.21,5.04,24.62,5.39,0.66,0.72
4,4,smartphone,moderate,idle,64.99,26.67,99.77,48.09,23.15,5.05,21.23,5.72,0.61,0.94
5,4,smartphone,moderate,idle,51.88,26.17,99.73,52.86,22.13,5.01,11.6,4.77,0.57,0.93
6,4,smartphone,moderate,idle,48.41,26.07,99.68,52.27,22.35,5.02,12.76,4.51,1.27,0.63
7,4,smartphone,moderate,idle,57.11,27.38,99.64,49.33,22.23,5.05,20.68,6.38,0.56,1.9
8,4,smartphone,moderate,idle,56.29,26.73,99.59,48.21,22.22,5.07,18.4,4.83,1.25,1.18
9,4,smartphone,moderate,idle,48.82,25.44,99.53,47.52,22.65,5.0,10.99,3.5,1.36,1.8
10,4,smartphone,moderate,idle,54.58,24.81,99.49,47.04,22.65,5.07,20.74,3.93,0.8,1.64
11,4,smartphone,moderate,idle,46.93,27.32,99.44,48.91,22.4,5.14,10.53,6.87,0.87,0.85
12,4,smartphone,moderate,idle,54.6,25.45,99.4,46.92,22.81,5.09,19.76,3.68,0.88,2.13
13,4,smartphone,moderate,idle,57.74,24.88,99.35,45.16,23.67,5.14,20.57,3.74,0.88,1.08
14,4,smartphone,moderate,idle,47.62,24.38,99.29,41.31,24.75,5.14,10.62,3.26,1.48,1.49
15,4,smartphone,moderate,idle,57.78,27.43,99.26,41.98,25.01,5.13,23.46,7.56,0.56,1.16
16,4,smartphone,moderate,idle,53.62,27.54,99.22,43.69,24.93,5.12,14.6,5.78,0.74,1.14
17,4,smartphone,moderate,idle,56.63,27.14,99.18,43.35,24.78,4.96,19.92,4.36,0.56,1.34
18,4,smartphone,moderate,idle,55.43,25.77,99.12,40.1,25.97,4.94,17.35,3.31,1.26,0.5
19,4,smartphone,moderate,idle,61.81,24.49,99.07,38.79,26.61,4.88,22.72,3.37,1.15,1.36
0,5,smartphone,moderate,moderate,35.71,24.42,99.96,46.91,23.53,12.13,15.28,5.15,0.95,3.2
1,5,smartphone,moderate,moderate,45.07,23.8,99.92,45.05,24.04,12.21,16.28,3.12,0.6,4.53
2,5,smartphone,moderate,moderate,51.62,25.44,99.86,44.52,24.33,12.26,17.22,5.73,1.42,3.13
3,5,smartphone,moderate,moderate,52.04,27.93,99.82,43.35,25.25,12.34,15.39,7.79,0.53,4.89
4,5,smartphone,moderate,moderate,55.93,28.43,99.77,42.63,25.77,12.18,19.01,5.79,1.26,5.57
5,5,smartphone,moderate,moderate,52.46,27.25,99.73,44.65,25.61,12.1,15.01,4.81,0.88,3.75
6,5,smartphone,moderate,moderate,56.96,28.74,99.67,47.01,25.19,12.09,19.73,7.41,1.43,4.27
7,5,smartphone,moderate,moderate,56.52,28.9,99.62,45.85,24.97,12.0,19.07,6.37,0.79,4.2
8,5,smartphone,moderate,moderate,57.35,27.34,99.57,46.5,25.01,11.91,18.33,4.31,1.03,4.86
9,5,smartphone,moderate,moderate,59.77,28.49,99.52,47.24,24.7,11.73,20.95,7.0,1.11,3.62
10,5,smartphone,moderate,moderate,56.11,29.8,99.46,47.89,24.23,11.71,17.28,7.81,1.49,3.2
11,5,smartphone,moderate,moderate,61.25,27.17,99.42,46.0,24.11,11.72,22.06,3.41,0.77,4.46
12,5,smartphone,moderate,moderate,63.47,27.08,99.36,47.42,24.07,11.66,21.74,5.18,1.42,3.77
13,5,smartphone,moderate,moderate,61.2,27.2,99.3,45.81,23.76,11.63,20.11,5.36,1.21,4.5
14,5,smartphone,moderate,moderate,51.1,26.25,99.26,41.95,24.28,11.58,10.33,4.22,0.85,5.9
15,5,smartphone,moderate,moderate,60.5,25.34,99.22,41.53,25.18,11.63,23.81,3.64,0.64,3.45
16,5,smartphone,moderate,moderate,55.71,25.41,99.18,44.07,25.33,11.72,15.89,4.33,0.5,3.25
17,5,smartphone,moderate,moderate,49.74,26.47,99.14,45.95,25.23,11.74,12.72,5.56,0.99,5.08
18,5,smartphone,moderate,moderate,54.3,27.39,99.1,42.63,25.4,11.78,17.92,5.82,0.51,4.99
19,5,smartphone,moderate,moderate,61.28,29.07,99.06,44.72,25.21,11.86,23.01,7.39,0.73,3.58
0,6,smartphone,moderate,busy,39.19,23.52,99.95,48.85,23.67,25.51,18.22,3.66,1.21,7.99
1,6,smartphone,moderate,busy,43.31,27.46,99.89,51.36,22.98,26.4,12.48,7.83,1.37,7.89
2,6,smartphone,moderate,busy,45.22,27.65,99.84,51.44,23.0,27.54,13.27,5.56,1.35,6.34
3,6,smartphone,moderate,busy,50.89,26.14,99.8,52.46,22.69,28.81,17.48,3.82,0.63,6.61
4,6,smartphone,moderate,busy,50.06,26.43,99.74,55.16,21.59,30.87,15.09,4.69,1.34,9.92
5,6,smartphone,moderate,busy,48.76,25.54,99.69,53.17,21.55,33.23,14.24,3.69,1.15,7.32
6,6,smartphone,moderate,busy,57.76,27.7,99.65,50.97,21.34,35.79,22.23,6.91,0.78,8.43
7,6,smartphone,moderate,busy,50.26,25.88,99.61,50.24,21.56,38.16,11.75,3.58,0.65,8.77
8,6,smartphone,moderate,busy,50.07,26.05,99.56,51.56,21.28,40.93,14.79,5.15,1.27,9.18
9,6,smartphone,moderate,busy,54.38,27.25,99.51,52.57,21.21,43.76,18.73,6.42,0.91,7.06
10,6,smartphone,moderate,busy,59.41,25.64,99.46,51.0,20.8,46.91,21.49,3.96,1.06,8.8
11,6,smartphone,moderate,busy,50.74,25.2,99.4,54.04,20.32,50.1,12.33,4.39,1.33,8.77
12,6,smartphone,moderate,busy,51.22,26.5,99.34,51.88,20.35,53.2,16.52,5.64,1.48,7.08
13,6,smartphone,moderate,busy,59.22,27.1,99.31,47.89,21.31,56.48,23.55,5.65,0.54,8.5
14,6,smartphone,moderate,busy,49.24,28.08,99.26,51.66,21.52,59.77,10.04,6.21,0.87,9.28
15,6,smartphone,moderate,busy,57.98,25.92,99.22,52.37,21.18,63.07,22.61,3.48,0.95,7.98
16,6,smartphone,moderate,busy,52.31,27.72,99.16,51.4,21.07,66.87,13.25,6.89,1.36,9.26
17,6,smartphone,moderate,busy,46.03,29.56,99.11,51.63,21.15,70.7,10.48,7.92,0.93,8.07
18,6,smartphone,moderate,busy,48.24,30.62,99.06,53.87,20.57,74.33,14.71,7.87,1.17,7.47
19,6,smartphone,moderate,busy,56.85,30.15,99.02,51.75,20.51,78.0,21.53,6.26,0.57,8.35
0,7,smartphone,poor,idle,31.07,23.81,99.97,12.4,57.39,5.07,11.0,5.07,0.61,0.99
1,7,smartphone,poor,idle,48.77,23.85,99.91,11.62,57.1,5.17,21.04,3.77,1.23,0.96
2,7,smartphone,poor,idle,58.14,25.99,99.86,12.11,57.78,5.25,22.84,6.01,1.07,2.35
3,7,smartphone,poor,idle,55.05,27.27,99.82,12.56,57.59,5.16,15.64,6.86,0.77,1.6
4,7,smartphone,poor,idle,58.04,27.92,99.77,11.99,58.35,5.2,19.3,6.31,1.19,1.67
5,7,smartphone,poor,idle,51.77,27.92,99.72,13.76,57.52,5.15,13.83,5.98,0.82,2.47
6,7,smartphone,poor,idle,48.91,27.19,99.67,13.41,57.21,4.97,13.83,5.19,1.11,0.56
7,7,smartphone,poor,idle,58.5,27.6,99.62,16.21,54.26,5.0,21.65,5.74,1.04,0.86
8,7,smartphone,poor,idle,50.39,29.47,99.57,17.23,51.11,5.11,11.27,7.71,1.33,1.23
9,7,smartphone,poor,idle,52.57,27.96,99.53,15.67,51.15,5.03,16.56,4.64,0.57,0.89
10,7,smartphone,poor,idle,58.52,26.32,99.48,13.75,51.56,4.86,20.76,3.79,0.94,1.38
11,7,smartphone,poor,idle,60.01,28.55,99.43,11.44,53.99,4.93,19.76,7.75,1.1,2.47
12,7,smartphone,poor,idle,55.22,27.94,99.37,9.75,56.68,4.91,16.11,5.62,1.37,2.15
13,7,smartphone,poor,idle,58.72,26.19,99.33,10.22,58.51,4.9,20.86,3.87,0.76,2.47
14,7,smartphone,poor,idle,51.29,27.85,99.27,13.05,57.79,4.88,13.84,7.6,1.46,0.53
15,7,smartphone,poor,idle,45.69,27.57,99.21,12.35,58.09,4.94,11.83,5.83,1.41,2.42
16,7,smartphone,poor,idle,48.0,25.87,99.17,11.74,58.36,4.98,15.65,3.13,1.01,2.31
17,7,smartphone,poor,idle,59.6,26.64,99.12,10.44,59.66,5.05,23.72,6.24,1.03,1.4
18,7,smartphone,poor,idle,45.93,25.35,99.08,11.31,59.67,5.18,10.13,3.17,0.58,2.03
19,7,smartphone,poor,idle,58.85,27.2,99.02,10.7,60.07,5.12,24.29,6.62,1.32,2.07
0,8,smartphone,poor,moderate,38.92,23.79,99.95,13.92,56.8,11.98,17.46,4.33,1.14,5.94
1,8,smartphone,poor,moderate,44.59,26.42,99.91,15.71,54.62,11.87,14.76,6.38,0.59,5.83
2,8,smartphone,poor,moderate,60.13,26.12,99.87,16.97,52.32,12.0,24.7,4.6,0.69,5.76
3,8,smartphone,poor,moderate,59.02,28.24,99.81,16.08,51.53,12.0,19.52,7.58,1.46,3.55
4,8,smartphone,poor,moderate,62.04,28.67,99.77,15.41,50.33,11.99,21.91,6.22,0.93,4.89
5,8,smartphone,poor,moderate,50.87,29.68,99.72,14.68,50.18,12.0,11.59,7.55,0.77,3.21
6,8,smartphone,poor,moderate,47.94,27.69,99.67,13.93,51.32,12.02,14.04,4.05,1.08,3.69
7,8,smartphone,poor,moderate,56.85,27.57,99.61,13.8,52.62,11.91,22.8,6.13,1.47,5.57
8,8,smartphone,poor,moderate,60.81,28.68,99.57,13.46,53.4,11.8,22.22,7.09,0.63,5.69
9,8,smartphone,poor,moderate,58.61,25.91,99.54,13.56,52.95,11.77,17.75,3.03,0.51,5.64
10,8,smartphone,poor,moderate,65.53,27.85,99.48,13.79,53.35,11.75,24.68,7.25,1.33,3.43
11,8,smartphone,poor,moderate,52.9,27.47,99.44,15.18,51.94,11.79,12.05,4.88,0.75,3.28
12,8,smartphone,poor,moderate,63.56,25.62,99.39,16.53,50.87,11.77,24.49,3.39,0.74,5.09
13,8,smartphone,poor,moderate,64.8,26.04,99.35,15.31,50.64,11.73,22.31,5.35,0.9,3.09
14,8,smartphone,poor,moderate,51.74,26.46,99.3,16.99,48.32,11.73,10.29,5.22,1.14,4.96
15,8,smartphone,poor,moderate,54.81,26.39,99.25,17.51,46.06,11.8,17.79,5.49,0.8,3.37
16,8,smartphone,poor,moderate,48.59,25.24,99.21,17.6,45.79,11.79,11.68,3.44,0.66,3.39
17,8,smartphone,poor,moderate,61.67,24.31,99.16,17.01,45.65,11.95,24.38,3.08,1.0,4.29
18,8,smartphone,poor,moderate,66.66,26.54,99.13,14.68,46.78,12.11,24.94,6.49,0.53,5.23
19,8,smartphone,poor,moderate,51.52,27.25,99.07,14.11,48.67,12.29,10.4,6.03,1.33,5.56
0,9,smartphone,poor,busy,34.52,24.3,99.96,12.49,57.44,25.38,13.65,5.51,0.66,8.47
1,9,smartphone,poor,busy,43.07,27.28,99.91,11.18,58.8,26.71,15.96,7.84,1.23,9.75
2,9,smartphone,poor,busy,49.35,27.2,99.85,10.89,59.88,28.45,18.79,4.8,1.5,8.94
3,9,smartphone,poor,busy,48.06,27.38,99.8,10.73,61.0,30.19,13.87,5.39,1.31,6.68
4,9,smartphone,poor,busy,49.86,28.41,99.74,10.87,61.49,32.4,15.51,6.93,1.43,8.99
5,9,smartphone,poor,busy,58.09,28.32,99.68,12.06,60.75,34.67,22.56,5.35,1.41,7.44
6,9,smartphone,poor,busy,63.47,29.88,99.63,11.91,60.34,36.94,22.39,7.1,1.09,6.92
7,9,smartphone,poor,busy,57.75,28.56,99.59,12.12,60.12,39.45,16.52,5.07,0.7,7.27
8,9,smartphone,poor,busy,63.12,28.48,99.54,12.51,59.49,42.44,23.56,5.75,0.68,9.93
9,9,smartphone,poor,busy,62.67,30.16,99.49,13.51,58.3,45.68,19.77,7.91,1.33,8.71
10,9,smartphone,poor,busy,64.37,29.46,99.44,12.25,58.79,48.95,23.98,6.22,1.04,7.76
11,9,smartphone,poor,busy,65.12,26.93,99.39,10.32,60.82,51.98,22.59,3.14,0.92,7.79
12,9,smartphone,poor,busy,61.46,27.81,99.33,8.76,62.3,55.25,18.7,5.8,1.36,6.92
13,9,smartphone,poor,busy,66.33,25.51,99.28,8.28,64.61,58.31,24.68,3.27,0.96,6.58
14,9,smartphone,poor,busy,68.66,26.87,99.22,7.65,66.76,61.67,24.73,5.76,1.39,8.69
15,9,smartphone,poor,busy,60.92,27.67,99.18,9.22,66.67,64.95,16.33,6.92,0.61,7.59
16,9,smartphone,poor,busy,48.87,27.91,99.13,9.39,66.91,68.27,10.17,6.3,1.18,6.94
17,9,smartphone,poor,busy,47.97,28.49,99.08,10.11,66.13,71.5,14.25,6.52,1.17,6.8
18,9,smartphone,poor,busy,43.46,28.42,99.04,8.27,66.93,74.49,10.25,6.88,0.78,8.56
19,9,smartphone,poor,busy,55.65,27.2,98.99,7.6,68.28,78.02,22.86,4.93,0.82,9.75
0,10,raspberry_pi,good,idle,51.0,25.3,100.0,85.13,9.88,4.92,24.68,3.27,1.23,2.33
1,10,raspberry_pi,good,idle,53.39,30.97,100.0,85.43,10.41,4.91,12.39,7.97,0.91,2.42
2,10,raspberry_pi,good,idle,63.52,29.26,100.0,83.46,10.58,4.81,19.46,3.17,0.89,1.39
3,10,raspberry_pi,good,idle,62.46,32.32,100.0,78.89,11.0,4.97,14.12,6.89,0.92,2.26
4,10,raspberry_pi,good,idle,71.87,34.06,100.0,78.34,11.68,4.88,23.43,7.74,1.08,0.61
5,10,raspberry_pi,good,idle,70.88,33.53,100.0,85.84,11.38,4.88,17.81,5.65,0.68,1.58
6,10,raspberry_pi,good,idle,73.82,34.54,100.0,83.05,11.31,5.1,20.46,7.06,1.16,2.36
7,10,raspberry_pi,good,idle,72.71,33.41,100.0,81.02,11.2,5.31,17.94,5.28,0.67,1.02
8,10,raspberry_pi,good,idle,63.47,33.3,100.0,82.82,11.22,5.22,11.93,6.0,0.81,1.38
9,10,raspberry_pi,good,idle,70.67,31.38,100.0,83.69,10.82,5.17,21.71,3.75,1.46,1.03
10,10,raspberry_pi,good,idle,68.95,34.4,100.0,82.93,10.78,5.13,16.8,7.76,1.31,0.54
11,10,raspberry_pi,good,idle,75.8,33.92,100.0,85.77,10.84,5.05,23.49,5.65,1.17,0.99
12,10,raspberry_pi,good,idle,66.14,34.35,100.0,84.84,10.83,4.85,12.19,6.62,1.4,1.9
13,10,raspberry_pi,good,idle,61.59,34.23,100.0,85.19,10.71,4.79,12.34,6.7,1.11,0.98
14,10,raspberry_pi,good,idle,57.11,33.01,100.0,82.1,10.72,4.85,12.26,5.29,0.55,0.53
15,10,raspberry_pi,good,idle,73.15,31.8,100.0,82.4,10.95,4.95,24.91,4.62,0.71,1.29
16,10,raspberry_pi,good,idle,63.98,32.85,100.0,77.81,10.85,5.11,11.21,6.88,0.76,2.29
17,10,raspberry_pi,good,idle,66.95,31.64,100.0,79.45,11.15,5.1,18.22,4.58,1.38,2.35
18,10,raspberry_pi,good,idle,66.17,29.66,100.0,81.65,11.39,5.08,16.09,3.43,0.72,1.09
19,10,raspberry_pi,good,idle,64.99,31.96,100.0,80.83,11.47,5.03,13.91,6.98,1.18,0.62
0,11,raspberry_pi,good,moderate,45.62,28.8,100.0,89.7,9.76,12.1,19.26,7.45,0.96,3.27
1,11,raspberry_pi,good,moderate,60.08,32.55,100.0,89.15,10.1,12.21,20.92,7.29,0.54,5.52
2,11,raspberry_pi,good,moderate,69.93,31.44,100.0,89.03,9.82,12.12,21.2,4.3,1.24,3.91
3,11,raspberry_pi,good,moderate,62.88,31.7,100.0,90.63,9.45,11.84,12.07,5.54,1.15,4.99
4,11,raspberry_pi,good,moderate,76.2,29.96,100.0,94.68,9.66,11.85,24.73,3.28,0.78,4.16
5,11,raspberry_pi,good,moderate,68.58,31.93,100.0,91.75,10.36,11.78,13.71,6.89,1.26,4.6
6,11,raspberry_pi,good,moderate,64.04,31.45,100.0,94.55,9.71,11.84,13.47,4.72,1.46,4.9
7,11,raspberry_pi,good,moderate,73.04,29.42,100.0,93.38,9.35,12.03,22.31,3.26,0.98,4.71
8,11,raspberry_pi,good,moderate,66.95,30.05,100.0,92.59,9.59,11.86,13.52,4.92,0.64,3.16
9,11,raspberry_pi,good,moderate,70.44,31.06,100.0,91.84,10.22,11.88,19.86,5.37,1.02,3.59
10,11,raspberry_pi,good,moderate,63.52,30.74,100.0,99.83,9.65,11.93,13.01,4.51,1.24,4.23
11,11,raspberry_pi,good,moderate,69.29,30.1,100.0,101.06,8.73,11.9,19.77,4.14,0.96,5.8
12,11,raspberry_pi,good,moderate,63.09,33.11,100.0,102.17,8.47,11.73,12.87,7.54,1.12,4.09
13,11,raspberry_pi,good,moderate,58.25,31.03,100.0,101.4,8.34,11.83,12.01,3.9,1.45,3.66
14,11,raspberry_pi,good,moderate,54.63,33.28,100.0,102.23,8.73,11.97,11.44,7.37,0.75,4.32
15,11,raspberry_pi,good,moderate,56.32,33.32,100.0,101.84,8.51,12.09,13.9,6.47,0.76,4.25
16,11,raspberry_pi,good,moderate,70.59,34.08,100.0,99.48,8.51,12.16,23.84,6.36,1.1,4.81
17,11,raspberry_pi,good,moderate,61.52,33.67,100.0,105.76,8.09,11.93,10.93,5.66,0.93,3.76
18,11,raspberry_pi,good,moderate,62.84,32.89,100.0,101.68,7.48,11.94,16.47,5.66,0.98,5.1
19,11,raspberry_pi,good,moderate,70.95,30.35,100.0,97.28,7.89,11.99,22.06,3.27,0.76,4.24
0,12,raspberry_pi,good,busy,49.65,25.72,100.0,95.08,9.98,25.64,23.7,3.69,1.06,9.86
1,12,raspberry_pi,good,busy,60.39,28.37,100.0,99.58,9.72,26.98,18.66,4.91,1.41,9.07
2,12,raspberry_pi,good,busy,54.96,32.37,100.0,96.73,9.4,28.6,10.84,7.95,1.05,7.68
3,12,raspberry_pi,good,busy,56.46,30.54,100.0,99.92,8.97,30.6,14.1,3.71,1.5,8.57
4,12,raspberry_pi,good,busy,61.88,33.3,100.0,94.12,8.92,32.68,16.57,7.49,0.88,6.83
5,12,raspberry_pi,good,busy,72.82,34.03,100.0,92.75,8.92,35.24,23.39,6.67,0.64,8.23
6,12,raspberry_pi,good,busy,76.25,32.95,100.0,95.86,8.9,37.54,20.51,5.23,1.08,6.12
7,12,raspberry_pi,good,busy,72.72,31.13,100.0,94.35,8.68,39.97,17.27,4.18,0.84,8.46
8,12,raspberry_pi,good,busy,79.74,30.48,100.0,94.86,8.79,42.7,23.42,4.82,0.52,7.78
9,12,raspberry_pi,good,busy,71.85,32.88,100.0,95.53,8.92,45.36,15.32,6.83,0.58,6.25
10,12,raspberry_pi,good,busy,66.62,32.36,100.0,100.54,8.3,48.25,13.45,5.32,0.66,8.7
11,12,raspberry_pi,good,busy,64.02,33.86,100.0,99.02,8.53,51.39,14.11,6.91,1.3,8.56
12,12,raspberry_pi,good,busy,68.41,32.74,100.0,100.31,8.06,54.73,19.07,4.92,0.92,8.7
13,12,raspberry_pi,good,busy,70.01,30.3,100.0,100.81,8.24,57.69,18.67,3.49,1.04,6.0
14,12,raspberry_pi,good,busy,75.85,31.76,100.0,105.3,7.83,60.67,22.56,5.98,1.16,8.44
15,12,raspberry_pi,good,busy,72.81,34.08,100.0,106.39,7.71,63.89,18.35,7.65,1.32,6.78
16,12,raspberry_pi,good,busy,80.21,31.36,100.0,105.17,7.83,67.11,24.41,3.47,0.7,8.0
17,12,raspberry_pi,good,busy,67.24,30.22,100.0,104.26,7.66,70.44,11.93,4.01,1.24,9.16
18,12,raspberry_pi,good,busy,72.77,29.9,100.0,105.62,7.13,73.49,22.06,4.3,0.59,6.04
19,12,raspberry_pi,good,busy,65.6,32.68,100.0,106.49,7.22,76.95,12.77,7.35,0.97,9.65
0,13,raspberry_pi,moderate,idle,36.01,29.19,100.0,47.63,23.15,5.09,11.36,7.75,0.65,0.59
1,13,raspberry_pi,moderate,idle,47.51,31.51,100.0,48.7,23.17,5.08,15.27,6.61,1.47,2.45
2,13,raspberry_pi,moderate,idle,54.09,31.52,100.0,43.31,23.68,5.07,15.82,5.03,1.22,2.45
3,13,raspberry_pi,moderate,idle,51.24,30.09,100.0,45.09,23.9,5.04,10.62,4.15,1.21,1.97
4,13,raspberry_pi,moderate,idle,50.74,29.58,100.0,46.54,23.38,5.14,10.79,4.16,1.0,1.71
5,13,raspberry_pi,moderate,idle,54.63,32.62,100.0,42.41,24.27,5.09,14.58,7.15,0.61,1.95
6,13,raspberry_pi,moderate,idle,58.87,30.85,100.0,46.84,24.3,4.99,15.43,4.02,0.97,1.59
7,13,raspberry_pi,moderate,idle,59.33,29.41,100.0,52.06,23.17,4.93,14.53,3.65,1.2,0.78
8,13,raspberry_pi,moderate,idle,66.37,28.62,100.0,51.59,22.84,4.83,19.04,3.53,1.32,0.81
9,13,raspberry_pi,moderate,idle,62.89,28.89,100.0,52.07,22.51,4.93,14.47,4.35,0.58,1.68
10,13,raspberry_pi,moderate,idle,66.06,30.45,100.0,51.55,21.94,5.1,17.3,5.41,1.05,1.54
11,13,raspberry_pi,moderate,idle,60.83,30.28,100.0,50.13,21.59,5.06,12.62,4.38,1.48,1.29
12,13,raspberry_pi,moderate,idle,60.52,30.63,100.0,51.63,21.82,4.87,15.33,5.09,1.2,1.39
13,13,raspberry_pi,moderate,idle,59.44,30.76,100.0,54.01,21.54,4.96,13.0,4.64,1.03,0.6
14,13,raspberry_pi,moderate,idle,66.59,30.3,100.0,54.57,21.0,4.88,19.69,4.04,1.44,1.53
15,13,raspberry_pi,moderate,idle,65.53,32.24,100.0,53.38,21.07,4.93,16.68,6.24,0.51,1.11
16,13,raspberry_pi,moderate,idle,68.5,30.83,100.0,55.23,20.63,4.9,18.93,4.27,0.98,1.2
17,13,raspberry_pi,moderate,idle,76.41,29.98,100.0,54.98,20.19,4.89,23.11,4.03,1.01,1.44
18,13,raspberry_pi,moderate,idle,79.13,31.14,100.0,52.55,20.76,4.91,22.12,5.38,1.45,0.61
19,13,raspberry_pi,moderate,idle,73.7,31.44,100.0,52.73,21.13,4.98,16.39,5.14,0.89,1.02
0,14,raspberry_pi,moderate,moderate,51.31,27.68,100.0,48.9,23.63,11.85,24.49,5.8,0.97,4.74
1,14,raspberry_pi,moderate,moderate,54.5,28.63,100.0,49.75,23.5,11.69,13.46,4.87,0.57,3.12
2,14,raspberry_pi,moderate,moderate,56.02,31.42,100.0,49.97,23.54,11.94,13.11,6.8,0.71,4.06
3,14,raspberry_pi,moderate,moderate,55.59,33.55,100.0,49.96,23.22,11.77,12.33,7.51,0.69,5.41
4,14,raspberry_pi,moderate,moderate,60.39,33.95,100.0,50.15,22.89,11.7,16.66,6.57,0.63,5.62
5,14,raspberry_pi,moderate,moderate,59.8,31.38,100.0,48.18,22.75,11.77,12.85,3.68,1.0,3.22
6,14,raspberry_pi,moderate,moderate,67.34,32.19,100.0,47.62,23.35,11.93,20.12,5.92,0.5,4.13
7,14,raspberry_pi,moderate,moderate,65.42,31.63,100.0,47.88,23.27,12.04,15.78,4.8,1.29,3.4
8,14,raspberry_pi,moderate,moderate,68.0,30.06,100.0,45.54,23.12,11.91,17.49,3.22,1.4,5.6
9,14,raspberry_pi,moderate,moderate,64.86,31.51,100.0,45.38,23.26,11.82,14.54,5.91,0.96,5.28
10,14,raspberry_pi,moderate,moderate,72.81,33.64,100.0,44.56,23.98,11.97,22.44,7.31,0.66,3.48
11,14,raspberry_pi,moderate,moderate,66.38,34.71,100.0,47.51,24.05,12.09,14.34,6.93,0.74,3.68
12,14,raspberry_pi,moderate,moderate,71.76,32.32,100.0,50.4,23.06,11.88,21.18,4.51,0.72,3.75
13,14,raspberry_pi,moderate,moderate,73.41,33.5,100.0,52.31,22.27,11.93,19.32,6.95,0.64,4.77
14,14,raspberry_pi,moderate,moderate,62.99,33.93,100.0,51.51,21.84,11.88,10.62,6.41,0.99,5.01
15,14,raspberry_pi,moderate,moderate,60.46,33.24,100.0,51.64,22.26,11.95,12.24,5.91,1.37,3.61
16,14,raspberry_pi,moderate,moderate,57.41,34.94,100.0,51.47,21.88,11.92,11.73,7.8,1.45,4.83
17,14,raspberry_pi,moderate,moderate,54.83,31.39,100.0,52.63,21.23,11.89,12.01,3.66,1.4,5.64
18,14,raspberry_pi,moderate,moderate,59.87,34.13,100.0,53.76,20.34,11.76,16.3,7.69,1.22,3.89
19,14,raspberry_pi,moderate,moderate,72.87,34.02,100.0,55.42,20.33,11.82,24.48,6.21,1.44,3.38
0,15,raspberry_pi,moderate,busy,33.02,27.83,100.0,46.52,23.21,25.37,10.64,5.95,0.52,6.9
1,15,raspberry_pi,moderate,busy,53.88,31.7,100.0,42.53,24.3,26.35,19.54,7.42,0.52,9.39
2,15,raspberry_pi,moderate,busy,61.83,31.02,100.0,43.27,24.54,27.95,19.07,4.89,1.48,8.72
3,15,raspberry_pi,moderate,busy,70.09,32.36,100.0,44.68,25.18,29.84,22.2,6.08,1.07,9.23
4,15,raspberry_pi,moderate,busy,63.52,32.41,100.0,41.0,25.73,32.12,12.32,5.93,0.93,9.05
5,15,raspberry_pi,moderate,busy,61.4,34.59,100.0,39.36,26.36,35.05,13.3,7.91,1.36,9.88
6,15,raspberry_pi,moderate,busy,64.28,34.2,100.0,39.18,26.44,38.05,16.69,6.19,0.95,9.63
7,15,raspberry_pi,moderate,busy,58.63,32.9,100.0,39.84,27.03,41.05,10.68,5.33,1.07,7.22
8,15,raspberry_pi,moderate,busy,61.18,32.24,100.0,41.41,26.72,44.54,15.24,4.84,1.09,8.99
9,15,raspberry_pi,moderate,busy,68.6,31.14,100.0,43.04,26.79,47.7,20.27,4.39,0.66,6.36
10,15,raspberry_pi,moderate,busy,62.71,32.6,100.0,44.93,26.29,51.21,12.2,6.48,1.22,9.38
11,15,raspberry_pi,moderate,busy,73.19,31.51,100.0,45.26,25.99,54.52,22.68,4.24,1.37,6.51
12,15,raspberry_pi,moderate,busy,60.87,30.34,100.0,43.9,25.47,57.87,10.36,3.79,1.21,9.11
13,15,raspberry_pi,moderate,busy,65.19,30.21,100.0,41.85,25.77,61.29,17.99,4.89,0.67,8.07
14,15,raspberry_pi,moderate,busy,67.33,33.08,100.0,37.69,26.7,64.62,16.18,7.02,0.64,7.6
15,15,raspberry_pi,moderate,busy,75.98,34.07,100.0,40.18,27.16,67.61,23.29,6.78,1.38,6.23
16,15,raspberry_pi,moderate,busy,73.72,33.83,100.0,42.92,26.82,70.78,18.62,6.22,0.76,8.41
17,15,raspberry_pi,moderate,busy,73.4,31.39,100.0,44.6,26.3,74.39,18.31,3.92,1.24,9.4
18,15,raspberry_pi,moderate,busy,70.89,31.91,100.0,47.76,24.96,77.78,16.25,5.83,1.46,6.59
19,15,raspberry_pi,moderate,busy,77.05,29.62,100.0,47.92,24.18,81.25,22.72,3.05,0.77,7.89
0,16,raspberry_pi,poor,idle,45.59,25.97,100.0,15.3,55.47,4.99,18.71,4.03,1.14,1.12
1,16,raspberry_pi,poor,idle,52.31,30.75,100.0,15.05,54.41,5.13,14.32,7.38,1.47,1.43
2,16,raspberry_pi,poor,idle,66.48,29.49,100.0,13.34,54.53,5.16,23.08,3.52,0.99,2.29
3,16,raspberry_pi,poor,idle,64.81,28.81,100.0,13.17,54.94,5.04,15.52,3.51,1.17,0.87
4,16,raspberry_pi,poor,idle,73.64,29.01,100.0,12.14,56.01,5.16,23.02,4.55,1.11,0.98
5,16,raspberry_pi,poor,idle,70.59,28.67,100.0,10.83,57.68,5.13,16.72,3.65,1.22,0.83
6,16,raspberry_pi,poor,idle,65.99,31.08,100.0,9.08,59.91,5.0,13.76,6.59,0.98,1.76
7,16,raspberry_pi,poor,idle,63.43,31.27,100.0,10.92,61.26,4.99,14.99,5.0,0.79,1.68
8,16,raspberry_pi,poor,idle,69.35,31.95,100.0,10.61,61.88,5.09,19.15,5.27,1.12,0.72
9,16,raspberry_pi,poor,idle,72.87,32.46,100.0,10.51,61.82,5.08,20.42,5.43,1.2,1.09
10,16,raspberry_pi,poor,idle,79.16,30.55,100.0,8.93,63.38,5.17,23.23,3.64,1.02,1.05
11,16,raspberry_pi,poor,idle,83.63,31.23,100.0,9.61,64.07,5.25,24.31,5.45,1.05,2.31
12,16,raspberry_pi,poor,idle,76.62,32.79,100.0,8.35,65.82,5.16,17.27,6.52,1.1,2.16
13,16,raspberry_pi,poor,idle,81.48,30.86,100.0,8.54,67.12,5.09,24.71,3.65,0.7,1.14
14,16,raspberry_pi,poor,idle,74.23,32.71,100.0,9.75,67.08,5.06,16.19,6.72,1.26,1.25
15,16,raspberry_pi,poor,idle,77.16,30.29,100.0,8.59,67.89,5.03,21.37,3.22,1.07,1.62
16,16,raspberry_pi,poor,idle,71.43,32.72,100.0,9.63,67.71,4.98,16.28,7.25,1.0,0.85
17,16,raspberry_pi,poor,idle,73.22,33.77,100.0,10.79,66.51,5.07,19.21,6.6,0.9,2.47
18,16,raspberry_pi,poor,idle,63.82,30.82,100.0,9.69,66.11,5.11,11.24,3.61,1.3,1.59
19,16,raspberry_pi,poor,idle,60.87,29.8,100.0,9.77,64.87,5.19,11.83,3.83,1.14,2.44
0,17,raspberry_pi,poor,moderate,40.17,29.65,100.0,13.91,56.38,12.03,13.36,7.66,1.45,4.48
1,17,raspberry_pi,poor,moderate,42.79,32.56,100.0,15.9,53.78,11.94,10.16,7.14,0.88,3.96
2,17,raspberry_pi,poor,moderate,58.4,32.98,100.0,15.78,52.78,11.88,21.42,6.64,0.84,4.46
3,17,raspberry_pi,poor,moderate,55.07,33.33,100.0,14.16,53.07,11.95,11.52,6.2,1.35,3.5
4,17,raspberry_pi,poor,moderate,66.23,33.27,100.0,12.59,54.26,11.9,21.22,5.82,1.47,5.68
5,17,raspberry_pi,poor,moderate,69.32,31.05,100.0,13.61,54.28,11.86,19.72,3.53,0.84,4.3
6,17,raspberry_pi,poor,moderate,74.9,31.66,100.0,15.58,53.43,11.81,21.68,5.26,1.04,5.19
7,17,raspberry_pi,poor,moderate,68.9,33.21,100.0,15.39,52.44,12.12,14.59,6.45,1.39,4.02
8,17,raspberry_pi,poor,moderate,70.46,32.87,100.0,15.98,50.71,12.05,19.02,6.03,1.01,4.85
9,17,raspberry_pi,poor,moderate,63.71,32.55,100.0,14.33,50.55,12.0,12.19,5.76,0.74,5.14
10,17,raspberry_pi,poor,moderate,63.74,32.97,100.0,14.0,50.73,12.09,16.56,6.13,1.03,4.22
11,17,raspberry_pi,poor,moderate,74.06,32.2,100.0,12.95,52.33,12.1,23.62,4.8,0.9,3.04
12,17,raspberry_pi,poor,moderate,78.79,30.2,100.0,13.49,53.36,12.04,22.15,3.38,1.06,5.55
13,17,raspberry_pi,poor,moderate,83.9,31.25,100.0,13.54,53.54,12.05,23.92,5.66,0.86,4.04
14,17,raspberry_pi,poor,moderate,69.15,31.54,100.0,14.25,53.08,12.03,10.99,5.41,1.23,3.65
15,17,raspberry_pi,poor,moderate,70.99,33.38,100.0,16.87,51.47,12.0,19.11,7.19,1.32,4.46
16,17,raspberry_pi,poor,moderate,70.15,31.74,100.0,18.32,48.82,11.97,15.49,4.15,1.46,4.19
17,17,raspberry_pi,poor,moderate,65.9,30.77,100.0,17.32,47.5,12.0,13.84,4.66,0.5,5.06
18,17,raspberry_pi,poor,moderate,73.87,30.09,100.0,16.17,47.13,12.09,22.39,4.11,0.75,4.89
19,17,raspberry_pi,poor,moderate,64.72,29.29,100.0,15.33,47.42,12.05,12.22,3.52,0.57,3.61
0,18,raspberry_pi,poor,busy,40.54,27.57,100.0,12.37,57.72,25.89,14.62,5.89,0.77,9.71
1,18,raspberry_pi,poor,busy,60.28,31.56,100.0,11.21,58.38,27.03,21.89,7.3,1.17,7.86
2,18,raspberry_pi,poor,busy,59.75,33.19,100.0,12.8,57.58,28.63,13.59,6.97,0.51,7.42
3,18,raspberry_pi,poor,busy,68.31,32.55,100.0,12.69,57.14,30.93,20.12,5.56,1.06,9.94
4,18,raspberry_pi,poor,busy,60.6,31.36,100.0,13.09,57.05,32.75,11.62,4.51,0.52,6.49
5,18,raspberry_pi,poor,busy,73.52,30.06,100.0,14.33,56.24,34.93,24.12,3.64,1.4,7.37
6,18,raspberry_pi,poor,busy,78.29,29.7,100.0,12.87,56.05,37.33,22.45,3.98,1.15,6.64
7,18,raspberry_pi,poor,busy,80.23,31.48,100.0,11.84,56.72,39.87,22.38,6.23,0.53,8.25
8,18,raspberry_pi,poor,busy,67.0,31.04,100.0,11.98,57.26,42.68,12.62,4.95,0.82,9.74
9,18,raspberry_pi,poor,busy,73.52,30.54,100.0,10.84,58.29,46.05,22.59,3.84,1.22,9.78
10,18,raspberry_pi,poor,busy,69.51,32.05,100.0,14.05,56.37,49.2,17.66,5.96,0.88,7.16
11,18,raspberry_pi,poor,busy,65.68,32.7,100.0,16.55,53.15,52.17,13.37,5.78,1.05,6.69
12,18,raspberry_pi,poor,busy,57.05,34.49,100.0,14.67,52.45,55.44,10.24,7.71,1.44,8.3
13,18,raspberry_pi,poor,busy,53.85,32.49,100.0,13.77,52.69,58.48,11.02,4.87,0.92,6.41
14,18,raspberry_pi,poor,busy,65.2,33.01,100.0,12.58,53.67,61.82,21.42,5.82,0.5,9.62
15,18,raspberry_pi,poor,busy,71.22,32.7,100.0,12.74,54.78,65.04,20.85,5.38,0.84,8.26
16,18,raspberry_pi,poor,busy,65.64,33.02,100.0,12.95,55.49,68.31,13.47,5.76,1.15,7.37
17,18,raspberry_pi,poor,busy,60.27,34.46,100.0,12.83,56.54,71.55,10.87,7.23,0.99,7.9
18,18,raspberry_pi,poor,busy,68.95,33.67,100.0,9.13,59.15,75.14,20.86,5.62,0.62,9.29
19,18,raspberry_pi,poor,busy,61.03,34.81,100.0,9.48,60.92,78.84,11.54,7.19,1.06,8.57
